Image URL, Title, Price
"https://m.media-amazon.com/images/I/A1cRqZVJddL._AC_UL320_.jpg", || ,"10Club Pure Brass Kalpavriksha Tree Showpiece (6.6 inches, 500 gram) Tree of Life - Home Decor - Gift for Good Luck Vastu and Fengshui - Best in Living Room Table Decoration with Antique Polish", || ,"₹1,599"
"https://m.media-amazon.com/images/I/81lagyE8XhL._AC_UL320_.jpg", || ,"amazon basics Artificial Plants with Pot| Dragon Grass| Lifelike Appearance | Durable Plastic | No Maintenance | Home Decor | Dimensions: 10 cm X 23 cm (Pack of 4)", || ,"₹539"
"https://m.media-amazon.com/images/I/91mL35Wd8DL._AC_UL320_.jpg", || ,"Encasa XO Window Curtain 9 ft Set of 2, Polyester Printed with Rod Pocket, Tie Back, Light-Filtering, Semi Sheer/Transparent Curtains- Kitchen, Bedroom, Living Room (140x274 cm), Blowball", || ,"₹958"
"https://m.media-amazon.com/images/I/818Z10ER35L._AC_UL320_.jpg", || ,"NACIA Sitting Pouffe Ottoman Stool for Living Room Stools Puffy Footrest Pouf FootStools with 4 Legs for Office Home Furniture Decor Foot Rest pouffes Foot Stool for Sofa, 16 Inces, Grey", || ,"₹1,589"
"https://m.media-amazon.com/images/I/51H2pAkicTL._AC_UL320_.jpg", || ,"Decazone ® Macramé Wall Hanging Shelf Pine Wood Floating Shelve with Wooden Dowel Modern Chic Woven Décor for Dorm Living Room Nursery Beige Colour 55 x 43cm", || ,"₹269"
"https://m.media-amazon.com/images/I/719UiPPxPlL._AC_UL320_.jpg", || ,"Artvibes Designer Elephant Wooden Wall Hanging for Home Decor | Hamsa Hand Decoration for Livingroom | Modern Artworks Items | Peace Charm Door Accent Decorative Hangings (WH_8506N)", || ,"₹199"
"https://m.media-amazon.com/images/I/71S9dg5+wbL._AC_UL320_.jpg", || ,"Global Grabbers New 25 Centimetre Meditating Sitting Buddha Statue showpiece Idol Home Decor Items for Living Room and Gifts (1, Orange Black)", || ,"₹379"
"https://m.media-amazon.com/images/I/810g8RazVJL._AC_UL320_.jpg", || ,"FRESH FROM LOOM 12 Feet Long Curtains Set of 2 Window Parda | Cotton Floral Room Darkening Curtains for Living Room Bedroom with Eyelets Ring Parde Screens (12ft, Leaf Aqua, 2pc)", || ,"₹1,470"
"https://m.media-amazon.com/images/I/810g8RazVJL._AC_UL320_.jpg", || ,"FRESH FROM LOOM 12 Feet Long Curtains Set of 2 Window Parda | Cotton Floral Room Darkening Curtains for Living Room Bedroom with Eyelets Ring Parde Screens (12ft, Leaf Aqua, 2pc)", || ,"₹1,470"
"https://m.media-amazon.com/images/I/311ucSIWsqL._AC_UL320_.jpg", || ,"SVH Bathroom Mat Water Absorbing Mat for Bathroom Quick Dry Rubber Backed Anti-Slip Floor Mat Non Slip Mat for Home, Kitchen (40 x 60 cm) (1)multi, Rectangular", || ,"₹269"
"https://m.media-amazon.com/images/I/914yQ9II8US._AC_UL320_.jpg", || ,"imra carpet Soft Modern Shag Area Rugs Fluffy Living Room Carpet Comfy Bedroom Home Decorate Floor Kids Playing Mat 3 Feet by 5 Feet, Beige, Rectangular", || ,"₹2,799"
"https://m.media-amazon.com/images/I/71T9sohI3+L._AC_UL320_.jpg", || ,"SPACES DRAPE STORY Premium Printed Blackout Curtain with Lining, Set of 2, 7Ft Door Curtains, Off White & Pink", || ,"₹3,029"
"https://m.media-amazon.com/images/I/715Yd3-ZbJL._AC_UL320_.jpg", || ,"Story@Home Blackout Long Door Curtains 9 Feet Set of 2 Room Darkening Plain Print Opaque Room Darkening Curtain for Living Rooms, Bedrooms, Halls, 116 x 275 cm, Black, 100% Opacity", || ,"₹1,349"
"https://m.media-amazon.com/images/I/81Cqpk8zU7L._AC_UL320_.jpg", || ,"amazon basics Little Cute Maditating Baby Monk for Decoration (Pack of 4, Multi-Coloured)", || ,"₹169"
"https://m.media-amazon.com/images/I/710jjgj13jL._AC_UL320_.jpg", || ,"amazon basics Artificial Plants with Pot|Realistic Looking| Multi Variety |Durable Plastic | No Maintenance | Home Decor | Dimensions: 5 cm X 13 cm (Pack of 8)", || ,"₹279"
"https://m.media-amazon.com/images/I/51-Q6MUsA2L._AC_UL320_.jpg", || ,"Amazon Brand - Solimo Vintage Designer Wooden Wall Hangings Home Decor Items | Large | Multicolor | Set of 2", || ,"₹189"
"https://m.media-amazon.com/images/I/71IsOl6UgIL._AC_UL320_.jpg", || ,"Exporthub 1 Piece Beautiful Polyester Door Threads String Curtain - 7ft, White (EHSPR558_74)", || ,"₹199"
"https://m.media-amazon.com/images/I/61REk4NspTL._AC_UL320_.jpg", || ,"amazon basics 12 Pcs Decorative LED Tealight for Gifting, Mandir, Office & Home Décor (Yellow, Matte)", || ,"₹229"
"https://m.media-amazon.com/images/I/91rMfFP+RdL._AC_UL320_.jpg", || ,"Dekorly 6 Packs Fake Plants Small, Mini Artificial Plants Indoor For Home Farmhouse Bathroom Shelf Décor (Height : 17Cm, Black) - Plastic", || ,"₹301"
"https://m.media-amazon.com/images/I/91CNsmqbReL._AC_UL640_QL65_.jpg", || ,"RITUALISTIC Madhubani Iron Wall Plates- Set of 5 (Multicolor) Wall Decoration Items For Living Room, Bedroom, Office | Wall Decor | Gift Items", || ,"₹2,799"
"https://m.media-amazon.com/images/I/81EUy3K1cBL._AC_UL320_.jpg", || ,"Amazon Brand - Solimo Metal Leaf Wall Hanging Decor | Nature-Inspired Leaf Design | Easy Installation (Set of 3 | Gold)", || ,"₹1,039"
"https://m.media-amazon.com/images/I/71G7-ficQQL._AC_UL320_.jpg", || ,"Amazon Brand - Solimo Designer Wall Mount Wooden Key Holder for Home | Radio Design | 5 Hooks", || ,"₹189"
"https://m.media-amazon.com/images/I/61C1-mzk2yL._AC_UL320_.jpg", || ,"Roseate Little Flower Super Soft Anti Skid (40x60 cm) Super Absorbent Mats Microfibre 2000 GSM Mat for Bathroom/Bedroom/Kitchen/Door Mat/Floor Mat Pack of 1", || ,"₹278"
"https://m.media-amazon.com/images/I/71yS-U+MRkL._AC_UL320_.jpg", || ,"Bikri Kendra - Hexagon 20 Golden mirror stickers for wall, hexagon mirror wall stickers, acrylic mirror sticker, hexagonal mirror wall sticker, wall mirror stickers,wall stickers for hall room, (Gold)", || ,"₹249"
"https://m.media-amazon.com/images/I/615pVwt1rNL._AC_UL320_.jpg", || ,"Hoard 0.5W Led Plug in Smart Night Lamp with Automatic Sensor -(Warm White) Pack of 1(Polycarbonate)", || ,"₹284"
"https://m.media-amazon.com/images/I/71jJ0pEwD8L._AC_UL320_.jpg", || ,"Artvibes In This Home Decorative Wall Art Mdf Wooden Hanger For Living Room|Bedroom|Artworks Decor|Office|Gift|Quotes Decor Items|Wall Hanging For Decoration|Modern Art(Wh_6508N)", || ,"₹239"
"https://m.media-amazon.com/images/I/615njJ6GEIL._AC_UL320_.jpg", || ,"Amazon Brand - Solimo Vintage Designer Wooden Wall Hangings Home Decor Items | Large | Multicolor, 78 Cm", || ,"₹189"
"https://m.media-amazon.com/images/I/81x4raedwfL._AC_UL320_.jpg", || ,"Fresh From Loom Curtains for Door 7 Feet Long | Door Window Curtain | Premium Polyester Weaved Parda | Latest Modern Parde for Living Room Bedroom | Home Screens |Eyelet Ring (Beige, 2pc), Eyelet", || ,"₹1,272"
"https://m.media-amazon.com/images/I/6179eu+TrZL._AC_UL320_.jpg", || ,"Double-Layered Soy Wax Candle with Red Floral Gel Design & Lavender Fragrance – Elegant Aromatherapy Candle for Relaxation, Home Decor, Gifts – Long-Lasting, Handcrafted Artisanal Candle", || ,"₹300"
"https://m.media-amazon.com/images/I/51HpPkPdrDL._AC_UL320_.jpg", || ,"Shree Shivay Namastubhyam Mantra board for mahakal sticker Home Spiritual Quote Wall Hanging Best PLAT ACRALICK Golden Wall Decor for shivay", || ,"₹240"
"https://m.media-amazon.com/images/I/71zjvUApaRL._AC_UL320_.jpg", || ,"HomeStrap Set Of 6 Non-Woven Printed Saree Cover/Cloth Storage/Wardrobe Organizer For Clothes With Transparent Window(Grey)(Shark Tank Featured),45 Cm,22 Cm", || ,"₹359"
"https://m.media-amazon.com/images/I/71oeZBaEduL._AC_UL320_.jpg", || ,"Amazon Brand - Solimo Wooden Home and Wall Decor Items | Set of 5", || ,"₹169"
"https://m.media-amazon.com/images/I/51Fo1fgI53L._AC_UL320_.jpg", || ,"Amazon Brand - Umi Home decor Items, Decorative items for home Littile Cute Mini Buddha Monk Idol Statue for Car Dashboard, Living Room, Table Top Home Decoration Showpiece (Multicolor) Set of 4 Piece", || ,"₹240"
"https://m.media-amazon.com/images/I/81UPOufA5DL._AC_UL320_.jpg", || ,"Amazon Brand - Umi Lotus Tealight Candle Holder for Diwali, Home Decor with Urli Bowl Base Candle Holder for Diwali Decoration Items for Home with Base of Urli Bowl, Diwali Gift Items", || ,"₹499"
"https://m.media-amazon.com/images/I/61xXbAfLGVL._AC_UL320_.jpg", || ,"amazon basics Creative Black Birds Matte Figurines Home Decorations Accessories (Pack of 2, Black)", || ,"₹313"
"https://m.media-amazon.com/images/I/61ZurVFtJAS._AC_UL320_.jpg", || ,"VRCT Vintage Wall Lamp Industrial Black Diamond Metal Cage Retro Living Room Wall Ceiling Lamp", || ,"₹284"
"https://m.media-amazon.com/images/I/71iYwiCZjtL._AC_UL320_.jpg", || ,"amazon basics Artisan Crafted Ceramic Donut Shaped Vase for Unique Home Decor Accent - Pack of 1, White", || ,"₹209"
"https://m.media-amazon.com/images/I/71mqJyckdsL._AC_UL320_.jpg", || ,"Amazon Brand - Solimo Collage Photo Frames (Set of 11, Wall Hanging, Black, SOL-HD-PF2, Synthetic Wood), Rectangular;Square", || ,"₹1,059"
"https://m.media-amazon.com/images/I/81lDMsQoV2L._AC_UL320_.jpg", || ,"HindCraft Chakra Tree, Crystal Tree for Positive Energy - Crystals & Healing Stones - Feng Shui Seven Chakra Tree of Life Decor - Home Decorations for Living Room, 7 Chakra Tree, 200 Beads, 8-10""", || ,"₹469"
"https://m.media-amazon.com/images/I/71kQc9dgyML._AC_UL320_.jpg", || ,"Amazon Brand - Solimo MDF Wall Hanging for Home Decor | Enjoy The Little Things", || ,"₹149"
"https://m.media-amazon.com/images/I/71CQupG26dL._AC_UL320_.jpg", || ,"Amazon Brand - Solimo Wooden Enjoy The Little Things Quote Study Table Decor | Home and Office Decor Item, 15 Cm", || ,"₹189"
"https://m.media-amazon.com/images/I/910RSCX5U1L._AC_UL320_.jpg", || ,"PREK Seven Chakra Crystals and Gemstones, Seven Chakra Crystal Tree Showpiece for Good Luck Home Decor Item Bonsai Money Tree Plant Gift Item Figurine Standard Size - Multicolor, 1 Piece", || ,"₹599"
"https://m.media-amazon.com/images/I/71ZuMlGM5XL._AC_UL320_.jpg", || ,"amazon basics Home Décor Elephant Family Matte Finish Ceramic Fantasy Figures(Set of 3 Piece,Multicolor)", || ,"₹665"
"https://m.media-amazon.com/images/I/61X04z2HVIL._AC_UL320_.jpg", || ,"Amazon Brand - Umi Decorative Astronaut Miniature Statue Figurines Showpiece Item for for Home Decor Items for Living Room,Car Dashboard (Set of 4)", || ,"₹319"
"https://m.media-amazon.com/images/I/51eBV606V9L._AC_UL320_.jpg", || ,"Amazon Brand - UmI. Meditating Monk Buddha Smoke Backflow Cone Incense Holder Showpiece For Office Desk,Home Decor Decoration Gift Items,Buddha Smoke Fountain For Home Decor, Multicolour", || ,"₹149"
"https://m.media-amazon.com/images/I/81opj+B0fhL._AC_UL320_.jpg", || ,"Litleo Plastic Mini Artificial Plant with Pot, Multiple Designs, for Home, Office Decor, Gift, School Project, Art (Set of 4 Green)", || ,"₹198"
"https://m.media-amazon.com/images/I/91zjsqWfFoL._AC_UL320_.jpg", || ,"Amazon Brand - Solimo Iron Degchi Doop Stand & Tealight Candle Holder for Home Decor (Netted Style), Gold", || ,"₹699"
"https://m.media-amazon.com/images/I/71QwUGAI8mL._AC_UL320_.jpg", || ,"amazon basics Home Decor Happy Deer Family Matte Finish Ceramic Figures (Set of 3, Multicolor)", || ,"₹697"
"https://m.media-amazon.com/images/I/71iMnsThZ8L._AC_UL320_.jpg", || ,"SATYAM KRAFT 5 Pcs Artificial Chrysanthemum Ball Hydrangea Flower Stick for Home, Office, Bedroom, Diwali, Balcony, Living Room, Deepawali Decoration(Pack of 5, Silver Mauve, Without Vase Pot, Fabric", || ,"₹299"
"https://m.media-amazon.com/images/I/71mIsqTbz1L._AC_UL320_.jpg", || ,"Amazon Brand - Solimo Hexagon Decorative Mirror Stickers for Wall | Wall Mirror Stickers | 3D Acrylic Stickers Wall Stickers | Golden Colour | Set of 30", || ,"₹199"
"https://m.media-amazon.com/images/I/61chd4sOYtL._AC_UL320_.jpg", || ,"KYARI Good Luck Jade Plant Crassula Ovata Live Indoor Plants with Black Self Watering Pot, Best for Living Room, Kitchen, Bedroom, & Office Table", || ,"₹290"
"https://m.media-amazon.com/images/I/A1cRqZVJddL._AC_UL320_.jpg", || ,"10Club Pure Brass Kalpavriksha Tree Showpiece (6.6 inches, 500 gram) Tree of Life - Home Decor - Gift for Good Luck Vastu and Fengshui - Best in Living Room Table Decoration with Antique Polish", || ,"₹1,599"
"https://m.media-amazon.com/images/I/51mpEIMD6dL._AC_UL320_.jpg", || ,"SAF paintings Flower Pot UV Textured MDF Set of 3 Hexagon Painting 17 Inch X 17 Inch HX131", || ,"₹165"
"https://m.media-amazon.com/images/I/711hjRO3qqL._AC_UL320_.jpg", || ,"eCraftIndia Antique Music Decorative Canon Brass Showpiece (10 cm x 10 cm x 23.75 cm, Red and Brown)", || ,"₹329"
"https://m.media-amazon.com/images/I/61NYDGRHD8L._AC_UL320_.jpg", || ,"Amazon Brand - Umi Diwali Rangoli Stencils for Door Home Entrance, Diwali Decoration Items for Home Decor, Rangoli Making Tools Kit, Rangoli Stencils Wooden Mat Big Size (12 Inch)", || ,"₹249"
"https://m.media-amazon.com/images/I/81fjxHUB3JL._AC_UL320_.jpg", || ,"Amazon Basics Modern Minimal Love Couple Depiction Figurine for Home Décor - Pack of 1", || ,"₹343.43"
"https://m.media-amazon.com/images/I/713xOgFeEhL._AC_UL320_.jpg", || ,"INDULGE HOMES - White Vase/Flower Vase/Pampas Grass Vase/Ceramic Vase/Round Shaped Vase/Home Decor Centrepiece/Decor Showpiece Donut Vase 6 & 8 Inches (Pack of 2)", || ,"₹799"
"https://m.media-amazon.com/images/I/81a8XvkZIOL._AC_UL320_.jpg", || ,"Amazon Basics 3D Home Decor Butterflies Wall Stickers | Suitable for Walls, Fridges, Office, Kitchen, Living Room, etc. (Pack of 12, Rose Gold)", || ,"₹249"
"https://m.media-amazon.com/images/I/81Jiji-ROBL._AC_UL320_.jpg", || ,"Amazon Brand - Solimo MDF African Warli Wall Hangings for Home Decor, Office, and Gifts", || ,"₹169"
"https://m.media-amazon.com/images/I/91XoqNxZmpL._AC_UL320_.jpg", || ,"Amazon Brand - Solimo Premium Polypropylene Home Decor Doormats - Pack of 2 (Grey, 58 x 38 cm), Rectangular", || ,"₹239"
"https://m.media-amazon.com/images/I/81itqPdpmjL._AC_UL320_.jpg", || ,"amazon basics Modern Classy Happy Owl Resin Art Figurine | Beautiful Home Decor (Brown)", || ,"₹468"
"https://m.media-amazon.com/images/I/81+UCV3xW0L._AC_UL320_.jpg", || ,"Amazon Brand - Umi Return Gift Radha Krishna Idol Showpiece Statue with Peacock Design Diya for Puja and Home Decor (8 x 6 Inches), Metal, Gold (1)", || ,"₹426"
"https://m.media-amazon.com/images/I/71-2hYvtoqL._AC_UL320_.jpg", || ,"Amazon Brand - Solimo Girls Playing Swing Under Tree PVC Vinyl Wall Sticker | Easy Application | Serene Home Décor (95 cm x 110 cm)", || ,"₹119"
"https://m.media-amazon.com/images/I/612Aq9XmhmL._AC_UL320_.jpg", || ,"Briij Rani Set of Five Framed Painting for Wall Decoration, 3D Paintings for Home Decoration, Paintings for Living Room, Bedroom Big Size (75 X 43 CM) 08", || ,"₹599"
"https://m.media-amazon.com/images/I/810g8RazVJL._AC_UL320_.jpg", || ,"FRESH FROM LOOM 12 Feet Long Curtains Set of 2 Window Parda | Cotton Floral Room Darkening Curtains for Living Room Bedroom with Eyelets Ring Parde Screens (12ft, Leaf Aqua, 2pc)", || ,"₹1,470"
"https://m.media-amazon.com/images/I/815mAk1pGuL._AC_UL320_.jpg", || ,"Tolas India Tensegrity New Year Gift for Home and Office Decor, Made with Solid Wood, Anti-Gravity, Light Weight, Table Top, Vintage Brown Surface Gold Finish Chain", || ,"₹1,599"
"https://m.media-amazon.com/images/I/61RQv41otWL._AC_UL320_.jpg", || ,"Jaipur Bliss 01 Set of Five Framed Painting for Wall Decoration, 3D Paintings for Home Decoration, scenery for Living Room, Bedroom Big Size (75 X 43 CM) 03", || ,"₹599"
"https://m.media-amazon.com/images/I/51v11pbakNL._AC_UL320_.jpg", || ,"Razzai 500 GSM Winter Comforter Premium Collection Quilted Comforter (92"" x 106"" Inches/233cm x 269cm) - King Size Comforter|Chocolate Brown|Microfibre|Lightweight", || ,"₹3,030"
"https://m.media-amazon.com/images/I/51v11pbakNL._AC_UL320_.jpg", || ,"Razzai 500 GSM Winter Comforter Premium Collection Quilted Comforter (92"" x 106"" Inches/233cm x 269cm) - King Size Comforter|Chocolate Brown|Microfibre|Lightweight", || ,"₹3,030"
"https://m.media-amazon.com/images/I/61Z6bB1tvnL._AC_UL320_.jpg", || ,"Ishro Home Anti Skid & Multipurpose RubIhr/Bathroom Mat/Shower Mat/Carpet/Rugs/Rainmat/Swimming Pool Mat, 2x6ft Grey", || ,"₹1,189"
"https://m.media-amazon.com/images/I/311ucSIWsqL._AC_UL320_.jpg", || ,"SVH Bathroom Mat Water Absorbing Mat for Bathroom Quick Dry Rubber Backed Anti-Slip Floor Mat Non Slip Mat for Home, Kitchen (40 x 60 cm) (1)multi, Rectangular", || ,"₹269"
"https://m.media-amazon.com/images/I/911BSOKLKIL._AC_UL320_.jpg", || ,"Amazon Brand - Solimo Floral Bliss Microfibre Printed Comforter, Single, 200 GSM, Grey", || ,"₹979"
"https://m.media-amazon.com/images/I/81YZFnROorL._AC_UL320_.jpg", || ,"Story@Home Bedsheet for double bed | 186TC | Beige | Floral | 1 Piece cotton bedsheets for double bed with 2 Pillow covers 250x225cm Perfect for Home Decor & Gifting | Cotton Bedsheets | Light-weight.", || ,"₹699"